Group tours search,Local,wordpress,class,,Group tours filters by country + class local,Group tours filters by country + class wp,
,,,,,,,
Kenya/NJKI/Basic,NBOGTARP001CKSM,NBOGTARP001CKSM,,,Kenya + Basic local,Kenya + Basic wp,
,NBOGTARP001THRSM3,NBOGTARP001THRSM3,,,NBOGTARP001CKSM,NBOGTARP001CKSM,
,,,,,NBOGTARP001THRSM3,NBOGTARP001THRSM3,
,,,,,,,
Kenya/NJKI/Deluxe,NBOGTARP001CKEKEE,NBOGTARP001CKEKEE,,,Kenya + Standard local,Kenya + Standard wp,
,NBOGTARP001CKSE,NBOGTARP001CKSE,,,,,
,NBOGTARP001EAEKE,NBOGTARP001EAEKE,,,NBOGTARP001CKSO,NBOGTARP001CKSO,
,NBOGTARP001THRKE3,NBOGTARP001THRKE3,,,NBOGTARP001THRSO3,NBOGTARP001THRSO3,
,NBOGTARP001THRSE3,NBOGTARP001THRSE3,,,NBOGTSOAEASKTNM21,NBOGTSOAEASKTNM21,
,,,,,0,NBOGTSOAEASN13124,class = standard + deluxe
Kenya/NJKI/Deluxe+,NBOGTARP001EAESE,NBOGTARP001EAESE,,,NBOGTSOAEASSNM022,NBOGTSOAEASSNM022,
,,,,,NBOGTSOAEASSNM031,NBOGTSOAEASSNM031,
Kenya/NJKI/standard,NBOGTARP001CKSO,NBOGTARP001CKSO,,,NBOGTSOAEASSNM041,NBOGTSOAEASSNM041,
,NBOGTARP001THRSO3,NBOGTARP001THRSO3,,,NBOGTSOAEASSNM061,NBOGTSOAEASSNM061,
,NBOGTSOAEASKTNM21,NBOGTSOAEASKTNM21,,,NBOGTSOAEASSNM062,NBOGTSOAEASSNM062,
,NBOGTSOAEASN13124,NBOGTSOAEASN13124,,,NBOGTSOAEASSNM071,NBOGTSOAEASSNM071,
,NBOGTSOAEASSNM022,NBOGTSOAEASSNM022,,,NBOGTSOAEASSNM091,NBOGTSOAEASSNM091,
,NBOGTSOAEASSNM031,NBOGTSOAEASSNM031,,,NBOGTSOAEASSNM111,NBOGTSOAEASSNM111,
,NBOGTSOAEASSNM041,NBOGTSOAEASSNM041,,,NBOGTSOAEASSNM131,NBOGTSOAEASSNM131,
,NBOGTSOAEASSNM061,NBOGTSOAEASSNM061,,,,,
,NBOGTSOAEASSNM062,NBOGTSOAEASSNM062,,,Kenya + Deluxe local,kenya + deluxe wp,
,NBOGTSOAEASSNM071,NBOGTSOAEASSNM071,,,,,
,NBOGTSOAEASSNM091,NBOGTSOAEASSNM091,,,NBOGTARP001CKEKEE,NBOGTARP001CKEKEE,
,NBOGTSOAEASSNM111,NBOGTSOAEASSNM111,,,NBOGTARP001CKSE,NBOGTARP001CKSE,
,NBOGTSOAEASSNM131,NBOGTSOAEASSNM131,,,NBOGTARP001EAEKE,NBOGTARP001EAEKE,
,,,,,NBOGTARP001THRKE3,NBOGTARP001THRKE3,
Botswana/Maun/Basic,MUBGTSUNWAYSUNA13,MUBGTSUNWAYSUNA13,,,NBOGTARP001THRSE3,NBOGTARP001THRSE3,
Botswana/Maun/Deluxe,MUBGTJENMANJENBSE,0,,,,,
,MUBGTSUNWAYSUBT13,0,,,Botswana + OL,Botswana + OL,
,,,,,MUBGTSUNWAYSUBT13,MUBGTSUNWAYSUBT13,
,,,,,,,
,,,,,Botswana + Basics,,
Botswana/Maun/ol,MUBGTJENMANJENBSE,0,,,MUBGTSUNWAYSUNA13,MUBGTSUNWAYSUNA13,
,MUBGTSUNWAYSUBT13,0,,,,,
,MUBGTSUNWAYSUNA13,0,,,Botswana + Deluxe,,
,,,,,MUBGTJENMANJENBSE,MUBGTJENMANJENBSE,
Botswana/Maun Airport/Basic,MUBGTJENMANJENBSE,0,,,,,
,MUBGTSUNWAYSUBT13,0,,,,,
,MUBGTSUNWAYSUNA13,0,,,,,
,,,,,,,
Botswana/Maun Airport/Deluxe,MUBGTJENMANJENBSE,MUBGTJENMANJENBSE,,,,,
,,,,,,,
Botswana/Maun Airport/OL,MUBGTSUNWAYSUBT13,MUBGTSUNWAYSUBT13,,,,,
,,,,,,,
Namibia/windhoek/deluxe,WDHGTSOANAMCAPNAM,WDHGTSOANAMCAPNAM,,,,,
Namibia/windhoek/deluxe+,WDHGTSOANAMEXNASP,WDHGTSOANAMEXNASP,,,,,
Namibia/windhoek/deluxe+,WDHGTULTSAFULTNAM,WDHGTULTSAFULTNAM,,,,,
Namibia/windhoek/standard,WDHGTSOANAMHINAMC,WDHGTSOANAMHINAMC,,,,,
,,,,,,,
South Africa/CapeTownCity/Basic,CPTGTNOMAD NOMNAM,CPTGTNOMAD%20NOMNAM,,,,,
,CPTGTSUNWAYCWA13,CPTGTSUNWAYCWA13,,,,,
,CPTGTSUNWAYSUNA21,CPTGTSUNWAYSUNA21,,,,,
South Africa/CapeTownCity/overlandcamping,CPTGTSUNWAYSUCV21,CPTGTSUNWAYSUCV21,,,,,
South Africa/CapeTownCity/overlandcamping,CPTGTSUNWAYSUCW14,CPTGTSUNWAYSUCW14,,,,,
South Africa/CapeTownCity/standard,CPTGTSATOURSAGRD4,CPTGTSATOURSAGRD4,,,,,
,,,,,,,
South Africa/DurbanAirport//Basic,DURGTNOMAD%20NADC,DURGTNOMAD%20NADC,,,,,
South Africa/DurbanAirport//Standard,0,0,,,,,
South Africa/DurbanAirport//OverlandCamping,DURGTNOMAD%20NDC,DURGTNOMAD%20NDC,,,,,
,,,,,,,
South Africa/Johannesburg/Basic,JNBGTSUNWAYSAA17,JNBGTSUNWAYSAA17,,,,,
,,,,,,,
South Africa/Johannesburg/overlandCamp,0,0,,,,,
,,,,,,,
South Africa/Johannesburg/Standard,0,0,,,,,
,,,,,,,
,,,,,,,
South Africa/JohannesburgAirport/Basic,JNBGTNOMAD%20NAJC,JNBGTNOMAD%20NAJC,,,,,
South Africa/JohannesburgAirport/Basic,JNBGTNOMAD%20NAJD,JNBGTNOMAD%20NAJD,,,,,
South Africa/JohannesburgAirport/Basic,JNBGTNOMAD%20NAJP,JNBGTNOMAD%20NAJP,,,,,
South Africa/JohannesburgAirport/Basic,JNBGTSUNWAYSUNA14,JNBGTSUNWAYSUNA14,,,,,
South Africa/JohannesburgAirport/Basic,JNBGTSUNWAYSUNZBA,JNBGTSUNWAYSUNZBA,,,,,
,,,,,,,
South Africa/JohannesburgAirport/overCamp,JNBGTNOMAD%20NJP,JNBGTNOMAD%20NJP,,,,,
South Africa/JohannesburgAirport/overCamp,JNBGTNOMAD%20NJD,JNBGTNOMAD%20NJD,,,,,
South Africa/JohannesburgAirport/overCamp,JNBGTNOMAD%20NJC,JNBGTNOMAD%20NJC,,,,,
South Africa/JohannesburgAirport/overCamp,JNBGTSUNWAYSUBT14,JNBGTSUNWAYSUBT14,,,,,
,,,,,,,
South Africa/JohannesburgAirport/Standard,JNBGTNOMAD NAJCSG,JNBGTNOMAD%20NAJCSG,,,,,
South Africa/JohannesburgAirport/Standard,JNBGTNOMAD%20NAJPSG,JNBGTNOMAD%20NAJPSG,,,,,
South Africa/JohannesburgAirport/Standard,JNBGTSATOURSAJOUR,JNBGTSATOURSAJOUR,,,,,
South Africa/PortElizabeth/Basic,PLZGTNOMAD%20NAPC,PLZGTNOMAD%20NAPC,,,,,
,,,,,,,
South Africa/PortElizabeth/Standard,PLZGTNOMAD%20NAPCSG,PLZGTNOMAD%20NAPCSG,,,,,
,PLZGTTVT001TISD20,PLZGTTVT001TISD20,,,,,
,PLZGTTVT001TISG20,PLZGTTVT001TISG20,,,,,
,,,,,,,
South Africa/PortElizabeth/OverlandCamping,PLZGTNOMAD%20NPC,PLZGTNOMAD%20NPC,,,,,
,,,,,,,
Tanzania/Kilimnajaro Airport/Deluxe,JROGTARP001SIMSE7,JROGTARP001SIMSE7,,,,,
Tanzania/Kilimnajaro Airport/Luxury,JROGTARP001SIMWEP,JROGTARP001SIMWEP,,,,,
Tanzania/Kilimnajaro Airport/Standard,JROGTARP001SIMTW7,JROGTARP001SIMTW7,,,,,
,JROGTSOAEASSNM024,JROGTSOAEASSNM024,,,,,
,JROGTSOAEASSNM042,JROGTSOAEASSNM042,,,,,
,,,,,,,
Zambia/Livingstone/Basic,LVIGTSUNWAYNBA15,LVIGTSUNWAYNBA15,,,,,
Zambia/Livingstone/Basic,LVIGTSUNWAYSUNNBA,LVIGTSUNWAYSUNNBA,,,,,
Zambia/Livingstone/OverlandCamping,LVIGTSUNWAYSUNB15,LVIGTSUNWAYSUNB15,,,,,
Zambia/Livingstone/OverlandCamping,LVIGTSUNWAYSUNB21,LVIGTSUNWAYSUNB21,,,,,
Zimbabwe/VictoriaFallsAirport/basic,VFAGTNOMAD%20NAZZ,VFAGTNOMAD%20NAZZ,,,,,
Zimbabwe/VictoriaFallsAirport/standard,VFAGTJENMANJENW15,VFAGTJENMANJENW15,,,,,
Zimbabwe/VictoriaFallsAirport/standard,VFAGTJENMANJENW12,VFAGTJENMANJENW12,,,,,
,,,,,,,
CRUISES,,,,Botswana ONLY  = 6 WP,No Namibia for WP or local,,
Botswana/kasaneAirport/Luxury,BBKCRTVT001ZAM3NS,BBKCRTVT001ZAM3NS,,Botswana ONLY  = 6 WP,,,
,BBKCRTVT001ZAM2NS,BBKCRTVT001ZAM2NS,,,,,
Botswana/kasaneAirport/Standard,BBKCRCHO018TIACP3,BBKCRCHO018TIACP3,,,,,
,BBKCRCHO018TIACP2,BBKCRCHO018TIACP2,,,,,
Botswana/kasaneAirport/Superior,BBKCRTVT001ZAM2NM,BBKCRTVT001ZAM2NM,,,,,
,BBKCRTVT001ZAM3NM,BBKCRTVT001ZAM3NM,,,,,
,,,,,,,
PACKAGES,,,,,PACKAGES,,
,,,,,,,
Botswana/ChobeNationalPark/Deluxe,BBKPKCHO0153NIGPA,BBKPKCHO0153NIGPA,,,Botswana + Deluxe Local,Botswana + Deluxe WP,
Botswana/ChobeNationalPark/Deluxe,BBKPKCHO015BUSDEL,BBKPKCHO015BUSDEL,,,BBKPKCHO004CHOLUX (Standard),0,
Botswana/ChobeNationalPark/Deluxe,BBKPKTVT001CGLCOK,BBKPKTVT001CGLCOK,,,BBKPKCHO004CHOLWA (standard),0,
Botswana/ChobeNationalPark/Luxury,BBKPKCHO015STDBUS,BBKPKCHO015STDBUS,,,BBKPKCHO0153NIGPA (deluxe),BBKPKCHO0153NIGPA (deluxe),
,,,,,BBKPKCHO015BUSDEL (deluxe),BBKPKCHO015BUSDEL (deluxe),
Botswana/ChobeNationalPark/Standard,BBKPKCHO004CHOLUX,BBKPKCHO004CHOLUX,,,BBKPKCHO015STDBUS (luxury),0,
,,,,,BBKPKCHOBAKBAK3DP (standard),0,
Botswana/KasaneAirport/Deluxe,BBKPKTVT001BOD6KM,BBKPKTVT001BOD6KM,,,BBKPKCHOBAKBAK4DP (standard),0,
Botswana/KasaneAirport/Luxury,BBKPKCPKUZ%20CPKU2N,BBKPKCPKUZ%20CPKU2N,,,BBKPKCPKUZ%20CPKU2N (luxury),0,
Botswana/KasaneAirport/Standard,BBKPKCHO004CHOLWA,BBKPKCHO004CHOLWA,,,BBKPKTVT001BOD6KM (deluxe),BBKPKTVT001BOD6KM (deluxe),
Botswana/KasaneAirport/Standard,BBKPKCHOBAKBAK3DP,BBKPKCHOBAKBAK3DP,,,BBKPKTVT001CGLCOK (deluxe),BBKPKTVT001CGLCOK (deluxe),
Botswana/KasaneAirport/Standard,BBKPKCHOBAKBAK4DP,BBKPKCHOBAKBAK4DP,,,,,
,,,,,Botswana + Luxury Local, WP,
Kenya/NairobJKIAirport/Basic,NBOPKARP001CKSNPK,NBOPKARP001CKSNPK,,,BBKPKCHO015STDBUS,BBKPKCHO015STDBUS,
Kenya/NairobJKIAirport/Deluxe,0,NBOGPARP001CKSLP,TEST PACKAGE,,BBKPKCPKUZ%20CPKU2N,BBKPKCPKUZ%20CPKU2N,
Kenya/NairobJKIAirport/Deluxe,NBOPKARP001ENCHAN,NBOPKARP001ENCHAN,y,,BBKPKCHO004CHOLUX (standard),0,
Kenya/NairobJKIAirport/Deluxe,NBOPKARP001FIMSER,NBOPKARP001FIMSER,y,,BBKPKCHO004CHOLWA (standard),0,
Kenya/NairobJKIAirport/Deluxe,NBOPKARP001WDD,NBOPKARP001WDD,y,,BBKPKCHO0153NIGPA (deluxe),0,
Kenya/NairobJKIAirport/Deluxe,NBOPKTHISSAWLWFPC,NBOPKTHISSAWLWFPC,y,,BBKPKCHO015BUSDEL (deluxe),0,
Kenya/NairobJKIAirport/Luxury,NBOPKARP001FIMMGV,NBOPKARP001FIMMGV,,,BBKPKCHOBAKBAK3DP (standard),0,
Kenya/NairobJKIAirport/Luxury,NBOPKARP001FIMMKT,NBOPKARP001FIMMKT,,,BBKPKCHOBAKBAK4DP (standard),0,
Kenya/NairobJKIAirport/Luxury,NBOPKARP001FIMMLG,NBOPKARP001FIMMLG,,,BBKPKTVT001BOD6KM (deluxe),0,
,,,,,BBKPKTVT001CGLCOK (deluxe),0,
Rwanda/KigaliAirport/Basic,KGLPKAASAFAGERB,KGLPKAASAFAGERB,,,,,
Rwanda/KigaliAirport/Basic,KGLPKAASAFAGEUB,KGLPKAASAFAGEUB,,,Botswana + standard local,Botswana + Standard wp,
Rwanda/KigaliAirport/Deluxe,KGLPKAASAFAGEUD,KGLPKAASAFAGEUD,,,BBKPKCHO004CHOLWA (standard),BBKPKCHO004CHOLWA (standard),
Rwanda/KigaliAirport/Deluxe,KGLPKARP001GERWDX,KGLPKARP001GERWDX,,,BBKPKCHO004CHOLUX (standard),BBKPKCHO004CHOLUX (standard),
Rwanda/KigaliAirport/Standard,KGLPKAASAFAAAGMST,KGLPKAASAFAAAGMST,,,BBKPKCHOBAKBAK3DP (standard),BBKPKCHOBAKBAK3DP (standard),
Rwanda/KigaliAirport/Standard,KGLPKAASAFAAAPPST,KGLPKAASAFAAAPPST,,,BBKPKCHOBAKBAK3DP (standard),BBKPKCHOBAKBAK3DP (standard),
Rwanda/KigaliAirport/Standard,KGLPKAASAFAGERS,KGLPKAASAFAGERS,,,BBKPKCHO0153NIGPA (deluxe),0,
Rwanda/KigaliAirport/Standard,KGLPKAASAFAGEUS,KGLPKAASAFAGEUS,,,BBKPKCHO015BUSDEL (deluxe),0,
Rwanda/KigaliAirport/Standard,KGLPKTHISSAGGAME,KGLPKTHISSAGGAME,,,BBKPKCHO015STDBUS (luxury),0,
,,,,,BBKPKCPKUZ%20CPKU2N,0,
South Africa/CapeTownAirport,CPTPKTHISSACPGRKA,KGLPKAASAFAGEUB,,,BBKPKTVT001BOD6KM (deluxe),0,
,CPTPKTHISSAGRANDS,CPTPKTHISSAGRANDS,,,BBKPKTVT001CGLCOK (deluxe),0,
,CPTPKTHISSASCENDX,CPTPKTHISSASCENDX,,,,,
,CPTPKTHISSASCENLX,CPTPKTHISSASCENLX,,,,,
,CPTPKTHISSASCENST,CPTPKTHISSASCENST,,,Kenya + Basic local,Kenya + Basic WP,
,CPTPKTHISSASDCGLX,CPTPKTHISSASDCGLX,,,NBOPKARP001CKSNPK,NBOPKARP001CKSNPK,
,CPTPKTHISSASDCGST,CPTPKTHISSASDCGST,,,NBOPKARP001ENCHAN,0,
,CPTPKTHISSASDCRDX,CPTPKTHISSASDCRDX,,,NBOPKARP001FIMMGV,0,
,CPTPKTVT001CTCLCM,CPTPKTVT001CTCLCM,,,NBOPKARP001FIMMKT,0,
,CPTPKTVT001CTCLHO,CPTPKTVT001CTCLHO,,,NBOPKARP001FIMMLG,0,
,CPTPKTVT001CTCLPW,CPTPKTVT001CTCLPW,,,NBOPKARP001FIMSER,0,
,CPTPKTVT001CTCLRB,CPTPKTVT001CTCLRB,,,NBOPKARP001WDD,0,
,CPTPKTVT001CTCLSS,CPTPKTVT001CTCLSS,,,NBOPKTHISSAWLWFPC,0,
,CPTPKTVT001CTCLTB,CPTPKTVT001CTCLTB,,,,,
,CPTPKTVT001CTCLVA,CPTPKTVT001CTCLVA,,,Kenya + Deluxe local,Kenya + Deluxe WP,
,CPTPKTVT001CTCLVL,CPTPKTVT001CTCLVL,,,,,
,CPTPKTVT001CTERHO,CPTPKTVT001CTERHO,,,NBOPKARP001CKSNPK,0,
,CPTPKTVT001CTERPW,CPTPKTVT001CTERPW,,,NBOPKARP001ENCHAN,NBOPKARP001ENCHAN,
,CPTPKTVT001CTERRB,CPTPKTVT001CTERRB,,,NBOPKARP001FIMMGV,0,
,CPTPKTVT001CTERSS,CPTPKTVT001CTERSS,,,NBOPKARP001FIMMKT,0,
,CPTPKTVT001CTERTB,CPTPKTVT001CTERTB,,,NBOPKARP001FIMMLG,0,
,CPTPKTVT001CTERVC,CPTPKTVT001CTERVC,,,NBOPKARP001FIMSER,NBOPKARP001FIMSER,
,CPTPKTVT001CTERVL,CPTPKTVT001CTERVL,,,NBOPKARP001WDD,NBOPKARP001WDD,
,CPTPKTVT001CTEXCM,CPTPKTVT001CTEXCM,,,NBOPKTHISSAWLWFPC,NBOPKTHISSAWLWFPC,
,CPTPKTVT001CTEXHO,CPTPKTVT001CTEXHO,,,TEST PACKAGE EXCLUDED,NBOGPARP001CKSLP,
,CPTPKTVT001CTEXPW,CPTPKTVT001CTEXPW,,,,,
,CPTPKTVT001CTEXRB,CPTPKTVT001CTEXRB,,,Kenya + luxury local,Kenya + luxury wp,
,CPTPKTVT001CTEXSS,CPTPKTVT001CTEXSS,,,,,
,CPTPKTVT001CTEXTB,CPTPKTVT001CTEXTB,,,,NBOPKARP001FIMMGV,
,CPTPKTVT001CTEXVA,CPTPKTVT001CTEXVA,,,NBOPKARP001FIMMKT,NBOPKARP001FIMMKT,
,CPTPKTVT001CTEXVL,CPTPKTVT001CTEXVL,,,NBOPKARP001FIMMLG,NBOPKARP001FIMMLG,
,CPTPKTVT001CTRCO,CPTPKTVT001CTRCO,,,NBOPKARP001CKSNPK,0,
,,,,,NBOPKARP001ENCHAN,0,
,,,,,NBOPKARP001FIMSER,0,
South Africa/CapeTownAirport/Deluxe,CPTPKTHISSACPGRKA,CPTPKTHISSACPGRKA,,,NBOPKARP001WDD,0,
South Africa/CapeTownAirport/Deluxe,CPTPKTHISSASCENDX,CPTPKTHISSASCENDX,,,NBOPKTHISSAWLWFPC,0,
South Africa/CapeTownAirport/Deluxe,CPTPKTHISSASDCRDX,CPTPKTHISSASDCRDX,,,,,
South Africa/CapeTownAirport/Deluxe,CPTPKTVT001CTCLCM,CPTPKTVT001CTCLCM,,,Rwanda + Deluxe local,Rwanda + Deluxe wp,
South Africa/CapeTownAirport/Deluxe,CPTPKTVT001CTCLPW,CPTPKTVT001CTCLPW,,,,,
South Africa/CapeTownAirport/Deluxe,CPTPKTVT001CTCLRB,CPTPKTVT001CTCLRB,,,,,
South Africa/CapeTownAirport/Deluxe,CPTPKTVT001CTCLSS,CPTPKTVT001CTCLSS,,,,,
South Africa/CapeTownAirport/Deluxe,CPTPKTVT001CTCLVL,CPTPKTVT001CTCLVL,,,,,
South Africa/CapeTownAirport/Deluxe,CPTPKTVT001CTERRB,CPTPKTVT001CTERRB,,South Africa ONLY SEARCH LOCAL,South Africa ONLY SEARCH WP,,
South Africa/CapeTownAirport/Deluxe,CPTPKTVT001CTERSS,CPTPKTVT001CTERSS,,CPTPKTHISSACPGRKA,CPTPKTHISSACPGRKA,,
South Africa/CapeTownAirport/Deluxe,CPTPKTVT001CTERVL,CPTPKTVT001CTERVL,,CPTPKTHISSAGRANDS,CPTPKTHISSAGRANDS,,
South Africa/CapeTownAirport/Deluxe,CPTPKTVT001CTEXCM,CPTPKTVT001CTEXCM,,CPTPKTHISSASCENDX,CPTPKTHISSASCENDX,,
South Africa/CapeTownAirport/Deluxe,CPTPKTVT001CTEXPW,CPTPKTVT001CTEXPW,,CPTPKTHISSASCENLX,CPTPKTHISSASCENLX,,
South Africa/CapeTownAirport/Deluxe,CPTPKTVT001CTEXRB,CPTPKTVT001CTEXRB,,CPTPKTHISSASCENST,CPTPKTHISSASCENST,,
South Africa/CapeTownAirport/Deluxe,CPTPKTVT001CTEXSS,CPTPKTVT001CTEXSS,,CPTPKTHISSASDCGLX,CPTPKTHISSASDCGLX,,
South Africa/CapeTownAirport/Deluxe,CPTPKTVT001CTEXVL,CPTPKTVT001CTEXVL,,CPTPKTHISSASDCGST,CPTPKTHISSASDCGST,,
South Africa/CapeTownAirport/Deluxe,CPTPKTVT001CTRCO,CPTPKTVT001CTRCO,,CPTPKTHISSASDCRDX,CPTPKTHISSASDCRDX,,
,,,,,,,
South Africa/CapeTownAirport/Standard,CPTPKTHISSAGRANDS,CPTPKTHISSAGRANDS,,CPTPKTVT001CTCLCM,CPTPKTVT001CTCLCM,,
South Africa/CapeTownAirport/Standard,CPTPKTHISSASCENST,CPTPKTHISSASCENST,,CPTPKTVT001CTCLHO,CPTPKTVT001CTCLHO,,
South Africa/CapeTownAirport/Standard,CPTPKTHISSASDCGST,CPTPKTHISSASDCGST,,CPTPKTVT001CTCLPW,CPTPKTVT001CTCLPW,,
South Africa/CapeTownAirport/Standard,CPTPKTVT001CTCLHO,CPTPKTVT001CTCLHO,,CPTPKTVT001CTCLRB,CPTPKTVT001CTCLRB,,
South Africa/CapeTownAirport/Standard,CPTPKTVT001CTERHO,CPTPKTVT001CTERHO,,CPTPKTVT001CTCLSS,CPTPKTVT001CTCLSS,,
South Africa/CapeTownAirport/Standard,CPTPKTVT001CTERPW,CPTPKTVT001CTERPW,,CPTPKTVT001CTCLTB,CPTPKTVT001CTCLTB,,
South Africa/CapeTownAirport/Standard,CPTPKTVT001CTEXHO,CPTPKTVT001CTEXHO,,CPTPKTVT001CTCLVA,CPTPKTVT001CTCLVA,,
,,,,,,,
South Africa/CapeTownAirport/Luxury,CPTPKTHISSASCENLX,CPTPKTHISSASCENLX,,CPTPKTVT001CTCLVL,CPTPKTVT001CTCLVL,,
South Africa/CapeTownAirport/Luxury,CPTPKTHISSASDCGLX,CPTPKTHISSASDCGLX,,CPTPKTVT001CTERHO,CPTPKTVT001CTERHO,,
South Africa/CapeTownAirport/Luxury,CPTPKTVT001CTCLTB,CPTPKTVT001CTCLTB,,CPTPKTVT001CTERPW,CPTPKTVT001CTERPW,,
South Africa/CapeTownAirport/Luxury,CPTPKTVT001CTCLVA,CPTPKTVT001CTCLVA,,CPTPKTVT001CTERRB,CPTPKTVT001CTERRB,,
South Africa/CapeTownAirport/Luxury,CPTPKTVT001CTERTB,CPTPKTVT001CTERTB,,CPTPKTVT001CTERSS,CPTPKTVT001CTERSS,,
South Africa/CapeTownAirport/Luxury,CPTPKTVT001CTERVC,CPTPKTVT001CTERVC,,CPTPKTVT001CTERTB,CPTPKTVT001CTERTB,,
South Africa/CapeTownAirport/Luxury,CPTPKTVT001CTEXTB,CPTPKTVT001CTEXTB,,CPTPKTVT001CTERVC,CPTPKTVT001CTERVC,,
South Africa/CapeTownAirport/Luxury,CPTPKTVT001CTEXVA,CPTPKTVT001CTEXVA,,CPTPKTVT001CTERVL,CPTPKTVT001CTERVL,,
,,,,,,,
South Africa/Hoedspruit Airport,CPTPKTVT001CTEXHO,CPTPKTVT001CTEXHO,,CPTPKTVT001CTEXHO,CPTPKTVT001CTEXHO,,
,CPTPKTHISSASCENLX,CPTPKTHISSASCENLX,,CPTPKTVT001CTEXPW,CPTPKTVT001CTEXPW,,
,CPTPKTHISSASDCGLX,CPTPKTHISSASDCGLX,,CPTPKTVT001CTEXRB,CPTPKTVT001CTEXRB,,
South Africa/HoedspruitAirport/Deluxe,GKPPKTVT001KREDEL,GKPPKTVT001KREDEL,,CPTPKTVT001CTEXSS,CPTPKTVT001CTEXSS,,
South Africa/HoedspruitAirport/Standard,HDSPKMAKUTSMSSCLA,HDSPKMAKUTSMSSCLA,,CPTPKTVT001CTEXTB,CPTPKTVT001CTEXTB,,
South Africa/HoedspruitAirport/Standard,HDSPKMAKUTSMSSWLK,HDSPKMAKUTSMSSWLK,,CPTPKTVT001CTEXVA,CPTPKTVT001CTEXVA,,
South Africa/HoedspruitAirport/Luxury,,,,CPTPKTVT001CTEXVL,CPTPKTVT001CTEXVL,,
,,,,CPTPKTVT001CTRCO,CPTPKTVT001CTRCO,,
,,,,GKPPKSABBLDSBL4P3,GKPPKSABBLDSBL4P3,,
,,,,,,,
,,,,Hoedspruit ONLY,Hoedspruit ONLY,,
South Africa/JohannesburgAirport,5 packages,3 Packages,,GKPPKTVT001KREDEL,GKPPKTVT001KREDEL,,
,,,,HDSPKMAKUTSMSSCLA,HDSPKMAKUTSMSSCLA,,
,,,,HDSPKMAKUTSMSSWLK,HDSPKMAKUTSMSSWLK,,
South Africa/Johannesburg Airport/Deluxe,JNBPKTHISSAHOSADE,JNBPKTHISSAHOSADE,,,0,,
South Africa/Johannesburg Airport/Standard,JNBPKTHISSASPLEN1,JNBPKTHISSASPLEN1,,,0,,
South Africa/Johannesburg Airport/Standard,JNBPKTHISSASPLEN2,JNBPKTHISSASPLEN2,,,,,
South Africa/Johannesburg Airport/Luxury,0,0,,Sabi Sabi ONLY,Sabi Sabi ONLY,,
,,,,GKPPKSABBLDSBL4P3,GKPPKSABBLDSBL4P3,,
South Africa/Sabi Sand Game Reserve,,,,,,,
South Africa/Sabi Sand Game Reserve/Deluxe,0,0,,Johannesburg Airport ONLY,Johannesburg Airport ONLY,,
South Africa/Sabi Sand Game Reserve/Standard,,,,,,,
South Africa/Sabi Sand Game Reserve/Luxury,returning 41 packages,GKPPKSABBLDSBL4P3,,JNBPKTHISSAHOSADE,JNBPKTHISSAHOSADE,,
,,,,,,,
Uganda/Entebbe 4 packages,,,,JNBPKTHISSASPLEN1,JNBPKTHISSASPLEN1,,
Uganda/Entebbe Airport/Basic,EBBPKAASAFAGITMB,EBBPKAASAFAGITMB,,JNBPKTHISSASPLEN2,JNBPKTHISSASPLEN2,,
Uganda/Entebbe Airport/Standard,EBBPKAASAFAAGITMS,EBBPKAASAFAAGITMS,,,,,
Uganda/Entebbe Airport/Standard,EBBPKARP001BAIRST,EBBPKARP001BAIRST,,,,,
Uganda/Entebbe Airport/Deluxe,EBBPKARP001BAIRDX,EBBPKARP001BAIRDX,,,,,
,,,,,,,
Zambia/Livingstone Airport (2 packages),,,,,,,
Zambia/Livingstone Airport/Standard,LVIPKTVT001FE2NAV,LVIPKTVT001FE2NAV,,,,,
Zambia/Livingstone Airport/Luxury,LVIPKTVT001FE2NRL,LVIPKTVT001FE2NRL,,,,,
,,,,country level search returns all 4 results locally,country level search returns all 4 results,,
Zimbabwe 44 packages,Zimbabwe 42 packages,Zimbabwe 44 packages,2 are test packages filtered,,,,
Zimbabwe/Victoria Falls Airport 44 packages,Zimbabwe/Vic Falls Airport 42 packages,,2 test packages filtered,,,,
Zimbabwe/Victoria Falls Airport/Deluxe,VFAPKTHISSAVFCHD2,VFAPKTHISSAVFCHD2,,,,,
Zimbabwe/Victoria Falls Airport/Deluxe,VFAPKTHISSAVFCHO2,VFAPKTHISSAVFCHO2,,,,,
Zimbabwe/Victoria Falls Airport/Deluxe,VFAPKTHISSAVFCHO6,VFAPKTHISSAVFCHO6,,,,,
Zimbabwe/Victoria Falls Airport/Deluxe,VFAPKTHISSAVFCRU1,VFAPKTHISSAVFCRU1,,,,,
Zimbabwe/Victoria Falls Airport/Deluxe,VFAPKTHISSAVFCRU2,VFAPKTHISSAVFCRU2,,,,,
Zimbabwe/Victoria Falls Airport/Deluxe,VFAPKTHISSAZAMDR1,VFAPKTHISSAZAMDR1,,,destination level search returns 2 results,,
Zimbabwe/Victoria Falls Airport/Deluxe,VFAPKTHISSAZAMDR2,VFAPKTHISSAZAMDR2,,country level search returns all 2 results locally,country level search returns all 2 results,,
Zimbabwe/Victoria Falls Airport/Deluxe,VFAPKTVT001FC3NT1,VFAPKTVT001FC3NT1,,,,,
Zimbabwe/Victoria Falls Airport/Deluxe,VFAPKTVT001FC3NT3,VFAPKTVT001FC3NT3,,,,,
Zimbabwe/Victoria Falls Airport/Deluxe,VFAPKTVT001FC3NT5,VFAPKTVT001FC3NT5,,,country level search returns all 42 results locally,,
Zimbabwe/Victoria Falls Airport/Deluxe,VFAPKTVT001FE2NSL,VFAPKTVT001FE2NSL,,,,,
Zimbabwe/Victoria Falls Airport/Deluxe,VFAPKTVT001FE2NT3,VFAPKTVT001FE2NT3,,,,,
Zimbabwe/Victoria Falls Airport/Deluxe,VFAPKTVT001FE3NT2,VFAPKTVT001FE3NT2,,,,,
Zimbabwe/Victoria Falls Airport/Deluxe,VFAPKTVT001FE3NT3,VFAPKTVT001FE3NT3,,,,,
Zimbabwe/Victoria Falls Airport/Deluxe,VFAPKTVT001FE3NT6,VFAPKTVT001FE3NT6,,,,,
Zimbabwe/Victoria Falls Airport/Deluxe,VFAPKTVT001FSD2NW,VFAPKTVT001FSD2NW,,,,,
Zimbabwe/Victoria Falls Airport/Deluxe,VFAPKTVT001FSD3NS,VFAPKTVT001FSD3NS,,,,,
Zimbabwe/Victoria Falls Airport/Deluxe,VFAPKTVT001FSD3NW,VFAPKTVT001FSD3NW,,,,,
Zimbabwe/Victoria Falls Airport/Deluxe,VFAPKTVT001FSD3WS,VFAPKTVT001FSD3WS,,,,,
,,,,,,,
Zimbabwe/Victoria Falls Airport/Standard,VFAPKTHISSAVFCH01,VFAPKTHISSAVFCH01,,,,,
Zimbabwe/Victoria Falls Airport/Standard,VFAPKTHISSAVFCHD1,VFAPKTHISSAVFCHD1,,,,,
Zimbabwe/Victoria Falls Airport/Standard,VFAPKTHISSAVFCHO5,VFAPKTHISSAVFCHO5,,,,,
Zimbabwe/Victoria Falls Airport/Standard,VFAPKTVT001FC3NT2,VFAPKTVT001FC3NT2,,,,,
Zimbabwe/Victoria Falls Airport/Standard,VFAPKTVT001FE2NT1,VFAPKTVT001FE2NT1,,,,,
,0,VFAPKTVT001FE3NT1,,,,,
,,,,,,,
Zimbabwe/Victoria Falls Airport/Luxury,0,VFAPKTHISSAFETST,"Test product..,",,,,
Zimbabwe/Victoria Falls Airport/Luxury,VFAPKTHISSAVFCHD4,VFAPKTHISSAVFCHD4,,,,,
Zimbabwe/Victoria Falls Airport/Luxury,VFAPKTHISSAVFCHO7,VFAPKTHISSAVFCHO7,,,,,
Zimbabwe/Victoria Falls Airport/Luxury,VFAPKTHISSAVFCRU3,VFAPKTHISSAVFCRU3,,,,,
Zimbabwe/Victoria Falls Airport/Luxury,VFAPKTHISSAZAMDR3,VFAPKTHISSAZAMDR3,,,,,
Zimbabwe/Victoria Falls Airport/Luxury,VFAPKTHISSAZAMDR4,VFAPKTHISSAZAMDR4,,,,,
Zimbabwe/Victoria Falls Airport/Luxury,VFAPKTVT001FC3NT4,VFAPKTVT001FC3NT4,,,,,
Zimbabwe/Victoria Falls Airport/Luxury,VFAPKTVT001FC3NT6,VFAPKTVT001FC3NT6,,,,,
Zimbabwe/Victoria Falls Airport/Luxury,VFAPKTVT001FC3NT7,VFAPKTVT001FC3NT7,,,,,
Zimbabwe/Victoria Falls Airport/Luxury,VFAPKTVT001FE2NT4,VFAPKTVT001FE2NT4,,,,,
Zimbabwe/Victoria Falls Airport/Luxury,0,VFAPKTVT001FE2NT7,,,,,
Zimbabwe/Victoria Falls Airport/Luxury,VFAPKTVT001FE2NT8,VFAPKTVT001FE2NT8,,,,,
Zimbabwe/Victoria Falls Airport/Luxury,VFAPKTVT001FE3NT5,VFAPKTVT001FE3NT5,,,,,
Zimbabwe/Victoria Falls Airport/Luxury,VFAPKTVT001FE3NT7,VFAPKTVT001FE3NT7,,,,,
Zimbabwe/Victoria Falls Airport/Luxury,VFAPKTVT001FE3NT8,VFAPKTVT001FE3NT8,,,,,
,TEST PRODUCT FILTERED,VFAPKTVT001FEVHPC,TEST PRODUCT,,,,
,VFAPKTVT001FSD3CL,VFAPKTVT001FSD3CL,,,,,
,VFAPKTVT001FSD3CS,VFAPKTVT001FSD3CS,,,,,
,VFAPKTVT001FE3NT1,0,,,,,
,,,,,,,
RAIL,,,,,,,
South Africa/Cape Town Rail Station/Luxury,CPTRLROV001CTPPUL,CPTRLROV001CTPPUL,Get Quote but has availability,,,,
South Africa/Cape Town Rail Station/Luxury,CPTRLROV001CTPRRO,CPTRLROV001CTPRRO,Get Quote but has availability,,,,
South Africa/Cape Town Rail Station/Luxury,CPTRLROV001RRCTPR,CPTRLROV001RRCTPR,Get Quote but has availability,,,,
,,,,,,,
South Africa/Pretoria Rail Station/Luxury,PRYRLROV001PRCPPM,PRYRLROV001PRCPPM,,,,,
South Africa/Pretoria Rail Station/Luxury,PRYRLROV001PRCPRY,PRYRLROV001PRCPRY,,,,,
South Africa/Pretoria Rail Station/Luxury,PRYRLROV001ROV004,PRYRLROV001ROV004,,,,,
,,,,,South Africa ONLY search local = 6,South Africa ONLY search wp = 6 ,
Zimbabwe/Victoria Falls Routes/Luxury,VFARLROV001VFPRDX,VFARLROV001VFPRDX,,South Africa + Pretoria = 3,South Africa + Cape Town Rail (local) = 6,South Africa + Cape Town Rail WP = 6,
Zimbabwe/Victoria Falls Routes/Luxury,VFARLROV001VFPRRY,VFARLROV001VFPRRY,,,CPTRLROV001CTPPUL,CPTRLROV001CTPPUL,
Zimbabwe/Victoria Falls Routes/Luxury,VFARLROV001VFPYPM,VFARLROV001VFPYPM,,,CPTRLROV001CTPRRO,CPTRLROV001CTPRRO,
,,,,,CPTRLROV001RRCTPR,CPTRLROV001RRCTPR,
,,,,,PRYRLROV001PRCPPM,0,
,,,,,PRYRLROV001PRCPRY,0,
,,,,,PRYRLROV001ROV004,0,
